{
    "metadata": {
        "description": "Pre-computed Betti Tensors for Vi-TCM Explorer AI Engine",
        "filtration_metric": "Euclidean Distance",
        "feature_dimensions": 96,
        "n_bins": 200,
        "max_radius": 3.145781993865967,
        "total_h1_loops": 1742
    },
    "core_network": {
        "x_axis_radii": [
            0.0,
            0.01580794971791943,
            0.03161589943583886,
            0.04742384915375829,
            0.06323179887167772,
            0.07903974858959716,
            0.09484769830751658,
            0.11065564802543601,
            0.12646359774335544,
            0.14227154746127488,
            0.1580794971791943,
            0.17388744689711375,
            0.18969539661503315,
            0.20550334633295259,
            0.22131129605087202,
            0.23711924576879145,
            0.2529271954867109,
            0.2687351452046303,
            0.28454309492254976,
            0.3003510446404692,
            0.3161589943583886,
            0.33196694407630806,
            0.3477748937942275,
            0.3635828435121469,
            0.3793907932300663,
            0.39519874294798574,
            0.41100669266590517,
            0.4268146423838246,
            0.44262259210174404,
            0.4584305418196635,
            0.4742384915375829,
            0.49004644125550234,
            0.5058543909734218,
            0.5216623406913412,
            0.5374702904092606,
            0.5532782401271801,
            0.5690861898450995,
            0.5848941395630189,
            0.6007020892809384,
            0.6165100389988578,
            0.6323179887167772,
            0.6481259384346967,
            0.6639338881526161,
            0.6797418378705355,
            0.695549787588455,
            0.7113577373063744,
            0.7271656870242938,
            0.7429736367422133,
            0.7587815864601326,
            0.774589536178052,
            0.7903974858959715,
            0.8062054356138909,
            0.8220133853318103,
            0.8378213350497298,
            0.8536292847676492,
            0.8694372344855686,
            0.8852451842034881,
            0.9010531339214075,
            0.916861083639327,
            0.9326690333572464,
            0.9484769830751658,
            0.9642849327930852,
            0.9800928825110047,
            0.9959008322289241,
            1.0117087819468435,
            1.0275167316647629,
            1.0433246813826824,
            1.0591326311006017,
            1.0749405808185213,
            1.0907485305364406,
            1.1065564802543602,
            1.1223644299722795,
            1.138172379690199,
            1.1539803294081183,
            1.1697882791260379,
            1.1855962288439572,
            1.2014041785618768,
            1.217212128279796,
            1.2330200779977156,
            1.248828027715635,
            1.2646359774335545,
            1.2804439271514738,
            1.2962518768693934,
            1.3120598265873127,
            1.3278677763052322,
            1.3436757260231516,
            1.359483675741071,
            1.3752916254589904,
            1.39109957517691,
            1.4069075248948293,
            1.4227154746127488,
            1.4385234243306682,
            1.4543313740485877,
            1.470139323766507,
            1.4859472734844266,
            1.501755223202346,
            1.5175631729202652,
            1.5333711226381848,
            1.549179072356104,
            1.5649870220740236,
            1.580794971791943,
            1.5966029215098625,
            1.6124108712277818,
            1.6282188209457014,
            1.6440267706636207,
            1.6598347203815402,
            1.6756426700994596,
            1.691450619817379,
            1.7072585695352984,
            1.723066519253218,
            1.7388744689711373,
            1.7546824186890568,
            1.7704903684069762,
            1.7862983181248957,
            1.802106267842815,
            1.8179142175607346,
            1.833722167278654,
            1.8495301169965734,
            1.8653380667144928,
            1.8811460164324123,
            1.8969539661503316,
            1.9127619158682512,
            1.9285698655861705,
            1.94437781530409,
            1.9601857650220094,
            1.975993714739929,
            1.9918016644578482,
            2.0076096141757676,
            2.023417563893687,
            2.0392255136116066,
            2.0550334633295257,
            2.0708414130474453,
            2.086649362765365,
            2.1024573124832844,
            2.1182652622012035,
            2.134073211919123,
            2.1498811616370426,
            2.165689111354962,
            2.181497061072881,
            2.1973050107908008,
            2.2131129605087203,
            2.22892091022664,
            2.244728859944559,
            2.2605368096624785,
            2.276344759380398,
            2.2921527090983176,
            2.3079606588162367,
            2.3237686085341562,
            2.3395765582520758,
            2.3553845079699953,
            2.3711924576879144,
            2.387000407405834,
            2.4028083571237535,
            2.418616306841673,
            2.434424256559592,
            2.4502322062775117,
            2.4660401559954312,
            2.481848105713351,
            2.49765605543127,
            2.5134640051491894,
            2.529271954867109,
            2.545079904585028,
            2.5608878543029476,
            2.576695804020867,
            2.5925037537387867,
            2.608311703456706,
            2.6241196531746254,
            2.639927602892545,
            2.6557355526104645,
            2.6715435023283836,
            2.687351452046303,
            2.7031594017642226,
            2.718967351482142,
            2.7347753012000613,
            2.750583250917981,
            2.7663912006359004,
            2.78219915035382,
            2.798007100071739,
            2.8138150497896586,
            2.829622999507578,
            2.8454309492254977,
            2.8612388989434168,
            2.8770468486613363,
            2.892854798379256,
            2.9086627480971754,
            2.9244706978150945,
            2.940278647533014,
            2.9560865972509336,
            2.971894546968853,
            2.9877024966867722,
            3.003510446404692,
            3.0193183961226113,
            3.0351263458405304,
            3.05093429555845,
            3.0667422452763695,
            3.082550194994289,
            3.098358144712208,
            3.1141660944301277,
            3.1299740441480473,
            3.145781993865967
        ],